z,z,z,z,z,i,z,z,z,u,d,z,u,p,a,n,z,z,w,i,t,t,e,r,s,z
o,z,u,z,z,l,o,z,z,r,i,l,l,o,z,z,r,i,z,o,u,n,d,s,z,o
o,u,z,o,',r,n,u,o,o,o,s,z,o,o,p,o,z,u,a,s,t,o,s,z,n
z,z,w,i,t,t,e,r,i,o,n,e,r,l,a,s,t,u,z,z,b,r,o,t,a,o
z,u,-,o,o,t,e,b,s,z,z,o,z,u,z,o,l,r,u,u,z,e,e,l,r,z
o,z,w,i,n,g,l,i,o,u,o,z,z,r,u,e,l,n,n,t,w,z,r,z,o,z
o,o,u,o,p,s,i,z,u,r,e,k,u,e,n,r,l,z,i,u,o,z,r,o,z,u
z,o,i,s,z,u,z,w,i,e,b,e,l,a,g,u,c,c,a,g,r,w,z,o,w,m
o,o,z,u,u,i,z,u,m,r,z,u,m,a,a,i,c,m,n,i,y,i,w,e,i,s
s,e,z,o,z,w,w,k,a,z,l,n,s,z,r,z,w,o,l,l,k,e,i,h,c,t
t,z,z,w,e,i,g,i,m,u,h,d,o,z,i,w,p,z,z,u,i,s,n,n,k,e
e,z,z,u,n,y,z,u,r,r,a,r,o,u,a,a,o,s,t,z,n,e,g,s,a,i
z,u,w,c,a,e,w,o,n,b,j,z,o,r,i,r,t,r,l,z,u,l,l,c,u,n
a,z,i,m,m,z,i,u,a,a,j,u,o,l,e,t,z,u,m,w,a,i,i,i,s,o
s,u,n,a,i,z,t,o,z,r,a,z,m,i,o,i,r,i,u,r,k,t,a,d,s,s
t,b,g,o,r,z,t,t,u,a,h,a,s,t,y,e,i,l,l,i,a,e,n,t,m,i
r,r,l,z,o,w,e,i,u,n,n,s,c,e,a,r,a,z,u,n,y,i,i,e,y,s
i,p,i,t,z,i,r,k,r,z,z,e,z,o,z,z,u,l,z,u,s,m,s,n,e,a
s,z,a,r,h,e,i,d,v,u,w,a,n,o,l,z,z,z,z,c,i,e,m,t,z,t
m,s,n,z,o,b,o,o,e,l,i,a,o,p,z,w,c,c,e,r,r,n,o,a,z,e
z,u,l,u,l,a,n,d,l,e,c,c,o,s,a,i,o,s,o,n,a,d,o,s,t,i
w,n,z,a,o,c,i,a,d,m,k,e,n,o,o,n,r,a,z,i,s,c,',p,e,a
e,o,r,z,a,k,c,e,t,a,h,a,e,z,z,g,r,o,z,s,t,r,a,t,a,c
i,z,z,u,c,s,e,r,m,a,n,e,g,z,z,l,l,k,z,d,a,h,i,s,m,e
z,y,z,z,u,l,u,p,t,e,r,a,y,a,z,e,o,n,a,z,t,o,s,i,s,i
z,w,i,n,g,l,i,a,n,i,s,t,s,t,c,c,z,z,o,r,i,n,a,i,s, 
